"wd_id","wd_id_new","population","name_ar","name_bn","name_de","name_en","name_es","name_fr","name_el","name_hi","name_hu","name_id","name_it","name_ja","name_ko","name_nl","name_pl","name_pt","name_ru","name_sv","name_tr","name_vi","name_zh"
"Q1016","","6201521","ليبيا","লিবিয়া","Libyen","Libya","Libia","Libye","Λιβύη","लीबिया","Líbia","Libya","Libia","リビア","리비아","Libië","Libia","Líbia","Ливия","Libyen","Libya","Libya","利比亚"
"Q1019","","22924851","مدغشقر","মাদাগাস্কার","Madagaskar","Madagascar","Madagascar","Madagascar","Μαδαγασκάρη","मेडागास्कर","Madagaszkár","Madagaskar","Madagascar","マダガスカル","마다가스카르","Madagaskar","Madagaskar","Madagáscar","Мадагаскар","Madagaskar","Madagaskar","Madagascar","马达加斯加"
"Q1020","","16362567","مالاوي","মালাউই","Malawi","Malawi","Malaui","Malawi","Μαλάουι","मलावी","Malawi","Malawi","Malawi","マラウイ","말라위","Malawi","Malawi","Malawi","Малави","Malawi","Malavi","Malawi","马拉维"
"Q1028","","33008150","المغرب","মরক্কো","Marokko","Morocco","Marruecos","Maroc","Μαρόκο","मोरक्को","Marokkó","Maroko","Marocco","モロッコ","모로코","Marokko","Maroko","Marrocos","Марокко","Marocko","Fas","Maroc","摩洛哥"
"Q1025","","3889880","موريتانيا","মৌরিতানিয়া","Mauretanien","Mauritania","Mauritania","Mauritanie","Μαυριτανία","मॉरीतानिया","Mauritánia","Mauritania","Mauritania","モーリタニア","모리타니","Mauritanië","Mauretania","Mauritânia","Мавритания","Mauretanien","Moritanya","Mauritanie","毛里塔尼亚"
"Q1029","","25833752","موزمبيق","মোজাম্বিক","Mosambik","Mozambique","Mozambique","Mozambique","Μοζαμβίκη","मोज़ाम्बीक","Mozambik","Mozambik","Mozambico","モザンビーク","모잠비크","Mozambique","Mozambik","Moçambique","Мозамбик","Moçambique","Mozambik","Mozambique","莫桑比克"
"Q1030","","2303315","ناميبيا","নামিবিয়া","Namibia","Namibia","Namibia","Namibie","Ναμίμπια","नामीबिया","Namíbia","Namibia","Namibia","ナミビア","나미비아","Namibië","Namibia","Namíbia","Намибия","Namibia","Namibya","Namibia","纳米比亚"
"Q1032","","17831270","النيجر","নাইজার","Niger","Niger","Níger","Niger","Νίγηρας","नाइजर","Niger","Niger","Niger","ニジェール","니제르","Niger","Niger","Níger","Нигер","Niger","Nijer","Niger","尼日尔"
"Q1033","","182202000","نيجيريا","নাইজেরিয়া","Nigeria","Nigeria","Nigeria","Nigeria","Νιγηρία","नाईजीरिया","Nigéria","Nigeria","Nigeria","ナイジェリア","나이지리아","Nigeria","Nigeria","Nigéria","Нигерия","Nigeria","Nijerya","Nigeria","奈及利亞"
"Q1036","","37578876","أوغندا","উগান্ডা","Uganda","Uganda","Uganda","Ouganda","Ουγκάντα","युगाण्डा","Uganda","Uganda","Uganda","ウガンダ","우간다","Oeganda","Uganda","Uganda","Уганда","Uganda","Uganda","Uganda","乌干达"
"Q1037","","11776522","رواندا","রুয়ান্ডা","Ruanda","Rwanda","Ruanda","Rwanda","Ρουάντα","रवाण्डा","Ruanda","Rwanda","Ruanda","ルワンダ","르완다","Rwanda","Rwanda","Ruanda","Руанда","Rwanda","Ruanda","Rwanda","卢旺达"
"Q1041","","14133280","السنغال","সেনেগাল","Senegal","Senegal","Senegal","Sénégal","Σενεγάλη","सेनेगल","Szenegál","Senegal","Senegal","セネガル","세네갈","Senegal","Senegal","Senegal","Сенегал","Senegal","Senegal","Sénégal","塞内加尔"
"Q1044","","6092075","سيراليون","সিয়েরা লিওন","Sierra Leone","Sierra Leone","Sierra Leona","Sierra Leone","Σιέρα Λεόνε","सिएरा लियोन","Sierra Leone","Sierra Leone","Sierra Leone","シエラレオネ","시에라리온","Sierra Leone","Sierra Leone","Serra Leoa","Сьерра-Леоне","Sierra Leone","Sierra Leone","Sierra Leone","塞拉利昂"
"Q1045","","10495583","الصومال","সোমালিয়া","Somalia","Somalia","Somalia","Somalie","Σομαλία","सोमालिया","Szomália","Somalia","Somalia","ソマリア","소말리아","Somalië","Somalia","Somália","Сомали","Somalia","Somali","Somalia","索马里"
"Q1049","","40235000","السودان","সুদান","Sudan","Sudan","Sudán","Soudan","Σουδάν","सूडान","Szudán","Sudan","Sudan","スーダン","수단","Soedan","Sudan","Sudão","Судан","Sudan","Sudan","Sudan","苏丹共和国"
"Q1050","","1249514","سوازيلاند","সোয়াজিল্যান্ড","Swasiland","Swaziland","eSwatini","Swaziland","Σουαζιλάνδη","स्वाज़ीलैण्ड","Szváziföld","Swaziland","Swaziland","スワジランド","스와질란드","Swaziland","Suazi","eSwatini","Свазиленд","Swaziland","Svaziland","Swaziland","斯威士兰"
"Q1246","","1883018","كوسوفو","কসোভো","Kosovo","Kosovo","Kosovo","Kosovo","Κοσσυφοπέδιο","कोसोवो गणराज्य","Koszovó","Kosovo","Kosovo","コソボ共和国","코소보","Kosovo","Kosowo","Kosovo","Республика Косово","Kosovo","Kosova","Kosovo","科索沃"
"Q6250","","586000","الصحراء الغربية","পশ্চিম সাহারা","Westsahara","Western Sahara","Sahara Occidental","Sahara occidental","Δυτική Σαχάρα","पश्चिमी सहारा","Nyugat-Szahara","Sahara Barat","Sahara Occidentale","西サハラ","서사하라","Westelijke Sahara","Sahara Zachodnia","Saara Ocidental","Западная Сахара","Västsahara","Batı Sahra","Tây Sahara","西撒哈拉"
"Q23681","","313626","قبرص الشمالية","তুর্কী উত্তর সাইপ্রাস প্রজাতন্ত্র","Türkische Republik Nordzypern","Turkish Republic of Northern Cyprus","República Turca del Norte de Chipre","Chypre du Nord","Τουρκική Δημοκρατία της Βόρειας Κύπρου","उत्तरी साइप्रस","Észak-Ciprus","Republik Turki Siprus Utara","Cipro del Nord","北キプロス・トルコ共和国","북키프로스","Noord-Cyprus","Cypr Północny","República Turca de Chipre do Norte","Турецкая Республика Северного Кипра","Nordcypern","Kuzey Kıbrıs Türk Cumhuriyeti","Bắc Síp","北賽普勒斯土耳其共和國"
"Q165413","","73127","بايكونور","বাইকুনোর","Baikonur","Baikonur","Baikonur","Baïkonour","Μπαϊκονούρ","बायकोनूर","Bajkonur","Baykonur","Bayqoñyr","バイコヌール","바이코누르","Bajkonoer","Bajkonur","Baikonur","Байконур","Bajkonur","Baykonur","Baikonur","拜科努爾"
"Q34754","","4500000","صوماليلاند","সোমালিল্যান্ড","Somaliland","Somaliland","Somalilandia","Somaliland","Σομαλιλάνδη","सोमालीदेश","Szomáliföld","Somaliland","Somaliland","ソマリランド","소말릴란드","Somaliland","Somaliland","Somalilândia","Сомалиленд","Somaliland","Somaliland","Somaliland","索马里兰"
"Q189","","332529","آيسلندا","আইসল্যান্ড","Island","Iceland","Islandia","Islande","Ισλανδία","आइसलैण्ड","Izland","Islandia","Islanda","アイスランド","아이슬란드","IJsland","Islandia","Islândia","Исландия","Island","İzlanda","Iceland","冰岛"
"Q16","","35702707","كندا","কানাডা","Kanada","Canada","Canadá","Canada","Καναδάς","कनाडा","Kanada","Kanada","Canada","カナダ","캐나다","Canada","Kanada","Canadá","Канада","Kanada","Kanada","Canada","加拿大"
"Q17","","127110047","اليابان","জাপান","Japan","Japan","Japón","Japon","Ιαπωνία","जापान","Japán","Jepang","Giappone","日本","일본","Japan","Japonia","Japão","Япония","Japan","Japonya","Nhật Bản","日本"
"Q191","","1315635","إستونيا","এস্তোনিয়া","Estland","Estonia","Estonia","Estonie","Εσθονία","एस्टोनिया","Észtország","Estonia","Estonia","エストニア","에스토니아","Estland","Estonia","Estónia","Эстония","Estland","Estonya","Estonia","爱沙尼亚"
"Q211","","1953000","لاتفيا","লাতভিয়া","Lettland","Latvia","Letonia","Lettonie","Λετονία","लातविया","Lettország","Latvia","Lettonia","ラトビア","라트비아","Letland","Łotwa","Letónia","Латвия","Lettland","Letonya","Latvia","拉脫維亞"
"Q213","","10610055","التشيك","চেক প্রজাতন্ত্র","Tschechien","Czech Republic","República Checa","République tchèque","Τσεχία","चेक गणराज्य","Csehország","Republik Ceko","Repubblica Ceca","チェコ","체코","Tsjechië","Czechy","República Checa","Чехия","Tjeckien","Çek Cumhuriyeti","Cộng hòa Séc","捷克"
"Q212","","42558328","أوكرانيا","ইউক্রেন","Ukraine","Ukraine","Ucrania","Ukraine","Ουκρανία","युक्रेन","Ukrajna","Ukraina","Ucraina","ウクライナ","우크라이나","Oekraïne","Ukraina","Ucrânia","Украина","Ukraina","Ukrayna","Ukraina","乌克兰"
"Q20","","5213985","النرويج","নরওয়ে","Norwegen","Norway","Noruega","Norvège","Νορβηγία","नॉर्वे","Norvégia","Norwegia","Norvegia","ノルウェー","노르웨이","Noorwegen","Norwegia","Noruega","Норвегия","Norge","Norveç","Na Uy","挪威"
"Q28","","9817958","المجر","হাঙ্গেরি","Ungarn","Hungary","Hungría","Hongrie","Ουγγαρία","हंगरी","Magyarország","Hongaria","Ungheria","ハンガリー","헝가리","Hongarije","Węgry","Hungria","Венгрия","Ungern","Macaristan","Hungary","匈牙利"
"Q27","","4588252","جمهورية أيرلندا","প্রজাতন্ত্রী আয়ারল্যান্ড","Irland","Ireland","Irlanda","Irlande","Δημοκρατία της Ιρλανδίας","आयरलैण्ड","Írország","Republik Irlandia","Irlanda","アイルランド","아일랜드","Ierland","Irlandia","República da Irlanda","Ирландия","Irland","İrlanda","Cộng hòa Ireland","爱尔兰共和国"
"Q215","","2062874","سلوفينيا","স্লোভেনিয়া","Slowenien","Slovenia","Eslovenia","Slovénie","Σλοβενία","स्लोवेनिया","Szlovénia","Slovenia","Slovenia","スロベニア","슬로베니아","Slovenië","Słowenia","Eslovénia","Словения","Slovenien","Slovenya","Slovenia","斯洛文尼亚"
"Q29","","46528024","إسبانيا","স্পেন","Spanien","Spain","España","Espagne","Ισπανία","स्पेन","Spanyolország","Spanyol","Spagna","スペイン","스페인","Spanje","Hiszpania","Espanha","Испания","Spanien","İspanya","Tây Ban Nha","西班牙"
"Q217","","2550900","مولدافيا","মলদোভা","Republik Moldau","Moldova","Moldavia","Moldavie","Μολδαβία","मॉल्डोवा","Moldova","Moldova","Moldavia","モルドバ","몰도바","Moldavië","Mołdawia","Moldávia","Молдавия","Moldavien","Moldova","Moldova","摩尔多瓦"
"Q30","","323952889","الولايات المتحدة","মার্কিন যুক্তরাষ্ট্র","Vereinigte Staaten","United States of America","Estados Unidos","États-Unis","Ηνωμένες Πολιτείες Αμερικής","संयुक्त राज्य अमेरिका","Amerikai Egyesült Államok","Amerika Serikat","Stati Uniti d'America","アメリカ合衆国","미국","Verenigde Staten van Amerika","Stany Zjednoczone","Estados Unidos","Соединённые Штаты Америки","USA","Amerika Birleşik Devletleri","Hoa Kỳ","美国"
"Q218","","20147528","رومانيا","রোমানিয়া","Rumänien","Romania","Rumania","Roumanie","Ρουμανία","रोमानिया","Románia","Rumania","Romania","ルーマニア","루마니아","Roemenië","Rumunia","Roménia","Румыния","Rumänien","Romanya","Romania","羅馬尼亞"
"Q258","","55445000","جنوب أفريقيا","দক্ষিণ আফ্রিকা","Südafrika","South Africa","Sudáfrica","Afrique du Sud","Νότια Αφρική","दक्षिण अफ़्रीका","Dél-afrikai Köztársaság","Afrika Selatan","Sudafrica","南アフリカ共和国","남아프리카 공화국","Zuid-Afrika","Południowa Afryka","África do Sul","Южно-Африканская Республика","Sydafrika","Güney Afrika Cumhuriyeti","Cộng hòa Nam Phi","南非"
"Q219","","7265115","بلغاريا","বুলগেরিয়া","Bulgarien","Bulgaria","Bulgaria","Bulgarie","Βουλγαρία","बुल्गारिया","Bulgária","Bulgaria","Bulgaria","ブルガリア","불가리아","Bulgarije","Bułgaria","Bulgária","Болгария","Bulgarien","Bulgaristan","Bulgaria","保加利亚"
"Q31","","11150516","بلجيكا","বেলজিয়াম","Belgien","Belgium","Bélgica","Belgique","Βέλγιο","बेल्जियम","Belgium","Belgia","Belgio","ベルギー","벨기에","België","Belgia","Bélgica","Бельгия","Belgien","Belçika","Bỉ","比利时"
"Q32","","543360","لوكسمبورغ","লুক্সেমবুর্গ","Luxemburg","Luxembourg","Luxemburgo","Luxembourg","Λουξεμβούργο","लक्ज़मबर्ग","Luxemburg","Luksemburg","Lussemburgo","ルクセンブルク","룩셈부르크","Luxemburg","Luksemburg","Luxemburgo","Люксембург","Luxemburg","Lüksemburg","Luxembourg","卢森堡"
"Q34","","9954420","السويد","সুইডেন","Schweden","Sweden","Suecia","Suède","Σουηδία","स्वीडन","Svédország","Swedia","Svezia","スウェーデン","스웨덴","Zweden","Szwecja","Suécia","Швеция","Sverige","İsveç","Thụy Điển","瑞典"
"Q33","","5501043","فنلندا","ফিনল্যান্ড","Finnland","Finland","Finlandia","Finlande","Φινλανδία","फ़िनलैण्ड","Finnország","Finlandia","Finlandia","フィンランド","핀란드","Finland","Finlandia","Finlândia","Финляндия","Finland","Finlandiya","Phần Lan","芬兰"
"Q262","","38813722","الجزائر","আলজেরিয়া","Algerien","Algeria","Argelia","Algérie","Αλγερία","अल्जीरिया","Algéria","Aljazair","Algeria","アルジェリア","알제리","Algerije","Algieria","Argélia","Алжир","Algeriet","Cezayir","Algérie","阿尔及利亚"
"Q265","","31576400","أوزبكستان","উজবেকিস্তান","Usbekistan","Uzbekistan","Uzbekistán","Ouzbékistan","Ουζμπεκιστάν","उज़्बेकिस्तान","Üzbegisztán","Uzbekistan","Uzbekistan","ウズベキスタン","우즈베키스탄","Oezbekistan","Uzbekistan","Usbequistão","Узбекистан","Uzbekistan","Özbekistan","Uzbekistan","乌兹别克斯坦"
"Q35","","5707251","الدنمارك","ডেনমার্ক","Dänemark","Denmark","Dinamarca","Danemark","Δανία","डेनमार्क","Dánia","Denmark","Danimarca","デンマーク","덴마크","Denemarken","Dania","Dinamarca","Дания","Danmark","Danimarka","Đan Mạch","丹麦"
"Q298","","17619708","تشيلي","চিলি","Chile","Chile","Chile","Chili","Χιλή","चिली","Chile","Chili","Cile","チリ","칠레","Chili","Chile","Chile","Чили","Chile","Şili","Chile","智利"
"Q399","","2976566","أرمينيا","আর্মেনিয়া","Armenien","Armenia","Armenia","Arménie","Αρμενία","आर्मीनिया","Örményország","Armenia","Armenia","アルメニア","아르메니아","Armenië","Armenia","Arménia","Армения","Armenien","Ermenistan","Armenia","亞美尼亞"
"Q403","","7041599","صربيا","সার্বিয়া","Serbien","Serbia","Serbia","Serbie","Σερβία","सर्बिया","Szerbia","Serbia","Serbia","セルビア","세르비아","Servië","Serbia","Sérvia","Сербия","Serbien","Sırbistan","Serbia","塞尔维亚"
"Q408","","23401892","أستراليا","অস্ট্রেলিয়া","Australien","Australia","Australia","Australie","Αυστραλία","ऑस्ट्रेलिया","Ausztrália","Australia","Australia","オーストラリア","오스트레일리아","Australië","Australia","Austrália","Австралия","Australien","Avustralya","Úc","澳大利亚"
"Q37","","2810118","ليتوانيا","লিথুয়ানিয়া","Litauen","Lithuania","Lituania","Lituanie","Λιθουανία","लिथुआनिया","Litvánia","Lituania","Lituania","リトアニア","리투아니아","Litouwen","Litwa","Lituânia","Литва","Litauen","Litvanya","Litva","立陶宛"
"Q36","","38454576","بولندا","পোল্যান্ড","Polen","Poland","Polonia","Pologne","Πολωνία","पोलैंड","Lengyelország","Polandia","Polonia","ポーランド","폴란드","Polen","Polska","Polónia","Польша","Polen","Polonya","Ba Lan","波兰"
"Q414","","43417000","الأرجنتين","আর্জেন্টিনা","Argentinien","Argentina","Argentina","Argentine","Αργεντινή","अर्जेण्टीना","Argentína","Argentina","Argentina","アルゼンチン","아르헨티나","Argentinië","Argentyna","Argentina","Аргентина","Argentina","Arjantin","Argentina","阿根廷"
"Q38","","60599936","إيطاليا","ইতালি","Italien","Italy","Italia","Italie","Ιταλία","इटली","Olaszország","Italia","Italia","イタリア","이탈리아","Italië","Włochy","Itália","Италия","Italien","İtalya","Ý","意大利"
"Q419","","30375603","بيرو","পেরু","Peru","Peru","Perú","Pérou","Περού","पेरू","Peru","Peru","Perù","ペルー","페루","Peru","Peru","Peru","Перу","Peru","Peru","Peru","秘鲁"
"Q39","","8211700","سويسرا","সুইজারল্যান্ড","Schweiz","Switzerland","Suiza","Suisse","Ελβετία","स्विट्ज़रलैण्ड","Svájc","Swiss","Svizzera","スイス","스위스","Zwitserland","Szwajcaria","Suíça","Швейцария","Schweiz","İsviçre","Thụy Sĩ","瑞士"
"Q423","","24895480","كوريا الشمالية","উত্তর কোরিয়া","Nordkorea","North Korea","Corea del Norte","Corée du Nord","Βόρεια Κορέα","उत्तर कोरिया","Észak-Korea","Korea Utara","Corea del Nord","朝鮮民主主義人民共和国","조선민주주의인민공화국","Noord-Korea","Korea Północna","Coreia do Norte","Корейская Народно-Демократическая Республика","Nordkorea","Kuzey Kore","Cộng hòa Dân chủ Nhân dân Triều Tiên","朝鲜民主主义人民共和国"
"Q40","","8572895","النمسا","অস্ট্রিয়া","Österreich","Austria","Austria","Autriche","Αυστρία","ऑस्ट्रिया","Ausztria","Austria","Austria","オーストリア","오스트리아","Oostenrijk","Austria","Áustria","Австрия","Österrike","Avusturya","Áo","奥地利"
"Q424","","15135169","كمبوديا","কম্বোডিয়া","Kambodscha","Cambodia","Camboya","Cambodge","Καμπότζη","कम्बोडिया","Kambodzsa","Kamboja","Cambogia","カンボジア","캄보디아","Cambodja","Kambodża","Camboja","Камбоджа","Kambodja","Kamboçya","Campuchia","柬埔寨"
"Q574","","1180069","تيمور الشرقية","পূর্ব তিমুর","Osttimor","East Timor","Timor Oriental","Timor oriental","Ανατολικό Τιμόρ","पूर्वी तिमोर","Kelet-Timor","Timor Leste","Timor Est","東ティモール","동티모르","Oost-Timor","Timor Wschodni","Timor-Leste","Восточный Тимор","Östtimor","Doğu Timor","Đông Timor","东帝汶"
"Q43","","76223639","تركيا","তুরস্ক","Türkei","Turkey","Turquía","Turquie","Τουρκία","तुर्की","Törökország","Turki","Turchia","トルコ","터키","Turkije","Turcja","Turquia","Турция","Turkiet","Türkiye","Thổ Nhĩ Kỳ","土耳其"
"Q41","","10815197","اليونان","গ্রিস","Griechenland","Greece","Grecia","Grèce","Ελλάδα","यूनान","Görögország","Yunani","Grecia","ギリシャ","그리스","Griekenland","Grecja","Grécia","Греция","Grekland","Yunanistan","Hy Lạp","希腊"
"Q657","","12825314","تشاد","চাদ","Tschad","Chad","Chad","Tchad","Τσαντ","चाड","Csád","Chad","Ciad","チャド","차드","Tsjaad","Czad","Chade","Чад","Tchad","Çad","Tchad","乍得"
"Q45","","10457295","البرتغال","পর্তুগাল","Portugal","Portugal","Portugal","Portugal","Πορτογαλία","पुर्तगाल","Portugália","Portugal","Portogallo","ポルトガル","포르투갈","Portugal","Portugalia","Portugal","Португалия","Portugal","Portekiz","Bồ Đào Nha","葡萄牙"
"Q668","","1339180127","الهند","ভারত","Indien","India","India","Inde","Ινδία","भारत","India","India","India","インド","인도","India","Indie","Índia","Индия","Indien","Hindistan","Ấn Độ","印度"
"Q664","","4793700","نيوزيلندا","নিউজিল্যান্ড","Neuseeland","New Zealand","Nueva Zelanda","Nouvelle-Zélande","Νέα Ζηλανδία","न्यूज़ीलैण्ड","Új-Zéland","Selandia Baru","Nuova Zelanda","ニュージーランド","뉴질랜드","Nieuw-Zeeland","Nowa Zelandia","Nova Zelândia","Новая Зеландия","Nya Zeeland","Yeni Zelanda","New Zealand","新西兰"
"Q55","","17000000","هولندا","নেদারল্যান্ডস","Niederlande","Netherlands","Países Bajos","Pays-Bas","Ολλανδία","नीदरलैण्ड","Hollandia","Belanda","Paesi Bassi","オランダ","네덜란드","Nederland","Holandia","Países Baixos","Нидерланды","Nederländerna","Hollanda","Hà Lan","荷蘭"
"Q51","","5000","أنتاركتيكا","অ্যান্টার্কটিকা","Antarktika","Antarctica","Antártida","Antarctique","Ανταρκτική","अंटार्कटिका","Antarktika","Antartika","Antartide","南極大陸","남극","Antarctica","Antarktyda","Antártida","Антарктида","Antarktis","Antarktika","Châu Nam Cực","南极洲"
"Q685","","561231","جزر سليمان","সলোমন দ্বীপপুঞ্জ","Salomonen","Solomon Islands","Islas Salomón","Îles Salomon","Νήσοι Σολομώντα","सोलोमन द्वीपसमूह","Salamon-szigetek","Kepulauan Solomon","Isole Salomone","ソロモン諸島","솔로몬 제도","Salomonseilanden","Wyspy Salomona","Ilhas Salomão","Соломоновы Острова","Salomonöarna","Solomon Adaları","Quần đảo Solomon","索羅門群島"
"Q686","","252763","فانواتو","ভানুয়াটু","Vanuatu","Vanuatu","Vanuatu","Vanuatu","Βανουάτου","वानूआटू","Vanuatu","Vanuatu","Vanuatu","バヌアツ","바누아투","Vanuatu","Vanuatu","Vanuatu","Вануату","Vanuatu","Vanuatu","Vanuatu","萬那杜"
"Q77","","3407062","الأوروغواي","উরুগুয়ে","Uruguay","Uruguay","Uruguay","Uruguay","Ουρουγουάη","उरुग्वे","Uruguay","Uruguay","Uruguay","ウルグアイ","우루과이","Uruguay","Urugwaj","Uruguai","Уругвай","Uruguay","Uruguay","Uruguay","乌拉圭"
"Q691","","7321262","بابوا غينيا الجديدة","পাপুয়া নিউগিনি","Papua-Neuguinea","Papua New Guinea","Papúa Nueva Guinea","Papouasie-Nouvelle-Guinée","Παπούα Νέα Γουινέα","पापुआ न्यू गिनी","Pápua Új-Guinea","Papua Nugini","Papua Nuova Guinea","パプアニューギニア","파푸아뉴기니","Papoea-Nieuw-Guinea","Papua-Nowa Gwinea","Papua-Nova Guiné","Папуа-Новая Гвинея","Papua Nya Guinea","Papua Yeni Gine","Papua New Guinea","巴布亚新几内亚"
"Q79","","94798827","مصر","মিশর","Ägypten","Egypt","Egipto","Égypte","Αίγυπτος","मिस्र","Egyiptom","Mesir","Egitto","エジプト","이집트","Egypte","Egipt","Egito","Египет","Egypten","Mısır","Ai Cập","埃及"
"Q711","","3081678","منغوليا","মঙ্গোলিয়া","Mongolei","Mongolia","Mongolia","Mongolie","Μογγολία","मंगोलिया","Mongólia","Mongolia","Mongolia","モンゴル国","몽골","Mongolië","Mongolia","Mongólia","Монголия","Mongoliet","Moğolistan","Mông Cổ","蒙古国"
"Q717","","30405207","فنزويلا","ভেনেজুয়েলা","Venezuela","Venezuela","Venezuela","Venezuela","Βενεζουέλα","वेनेज़ुएला","Venezuela","Venezuela","Venezuela","ベネズエラ","베네수엘라","Venezuela","Wenezuela","Venezuela","Венесуэла","Venezuela","Venezuela","Venezuela","委內瑞拉"
"Q712","","881065","فيجي","ফিজি","Fidschi","Fiji","Fiyi","Fidji","Φίτζι","फ़िजी","Fidzsi-szigetek","Fiji","Figi","フィジー","피지","Fiji","Fidżi","Fiji","Фиджи","Fiji","Fiji","Fiji","斐濟"
"Q96","","130526945","المكسيك","মেক্সিকো","Mexiko","Mexico","México","Mexique","Μεξικό","मेक्सिको","Mexikó","Meksiko","Messico","メキシコ","멕시코","Mexico","Meksyk","México","Мексика","Mexiko","Meksika","México","墨西哥"
"Q114","","44353691","كينيا","কেনিয়া","Kenia","Kenya","Kenia","Kenya","Κένυα","कीनिया","Kenya","Kenya","Kenya","ケニア","케냐","Kenia","Kenia","Quénia","Кения","Kenya","Kenya","Kenya","肯尼亚"
"Q733","","6802295","باراغواي","প্যারাগুয়ে","Paraguay","Paraguay","Paraguay","Paraguay","Παραγουάη","पैराग्वे","Paraguay","Paraguay","Paraguay","パラグアイ","파라과이","Paraguay","Paragwaj","Paraguai","Парагвай","Paraguay","Paraguay","Paraguay","巴拉圭"
"Q730","","539276","سورينام","সুরিনাম","Suriname","Suriname","Surinam","Suriname","Σουρινάμ","सूरीनाम","Suriname","Suriname","Suriname","スリナム","수리남","Suriname","Surinam","Suriname","Суринам","Surinam","Surinam","Suriname","蘇利南"
"Q115","","96958732","إثيوبيا","ইথিওপিয়া","Äthiopien","Ethiopia","Etiopía","Éthiopie","Αιθιοπία","इथियोपिया","Etiópia","Ethiopia","Etiopia","エチオピア","에티오피아","Ethiopië","Etiopia","Etiópia","Эфиопия","Etiopien","Etiyopya","Ethiopia","埃塞俄比亚"
"Q142","","66628000","فرنسا","ফ্রান্স","Frankreich","France","Francia","France","Γαλλία","फ़्रान्स","Franciaország","Perancis","Francia","フランス","프랑스","Frankrijk","Francja","França","Франция","Frankrike","Fransa","Pháp","法国"
"Q117","","28308301","غانا","ঘানা","Ghana","Ghana","Ghana","Ghana","Γκάνα","घाना","Ghána","Ghana","Ghana","ガーナ","가나","Ghana","Ghana","Gana","Гана","Ghana","Gana","Ghana","迦納"
"Q734","","799613","غيانا","গায়ানা","Guyana","Guyana","Guyana","Guyana","Γουιάνα","गयाना","Guyana","Guyana","Guyana","ガイアナ","가이아나","Guyana","Gujana","Guiana","Гайана","Guyana","Guyana","Guyana","圭亚那"
"Q739","","47704427","كولومبيا","কলম্বিয়া","Kolumbien","Colombia","Colombia","Colombie","Κολομβία","कोलम्बिया","Kolumbia","Kolombia","Colombia","コロンビア","콜롬비아","Colombia","Kolumbia","Colômbia","Колумбия","Colombia","Kolombiya","Colombia","哥伦比亚"
"Q736","","15737878","الإكوادور","ইকুয়েডর","Ecuador","Ecuador","Ecuador","Équateur","Εκουαδόρ","ईक्वाडोर","Ecuador","Ekuador","Ecuador","エクアドル","에콰도르","Ecuador","Ekwador","Equador","Эквадор","Ecuador","Ekvador","Ecuador","厄瓜多尔"
"Q145","","65102385","المملكة المتحدة","যুক্তরাজ্য","Vereinigtes Königreich","United Kingdom","Reino Unido","Royaume-Uni","Ηνωμένο Βασίλειο","यूनाइटेड किंगडम","Egyesült Királyság","Britania Raya","Regno Unito","イギリス","영국","Verenigd Koninkrijk","Wielka Brytania","Reino Unido","Великобритания","Storbritannien","Birleşik Krallık","Vương quốc Liên hiệp Anh và Bắc Ireland","英国"
"Q822","","4467390","لبنان","লেবানন","Libanon","Lebanon","Líbano","Liban","Λίβανος","लेबनान","Libanon","Lebanon","Libano","レバノン","레바논","Libanon","Liban","Líbano","Ливан","Libanon","Lübnan","Liban","黎巴嫩"
"Q148","","1409517397","جمهورية الصين الشعبية","গণপ্রজাতন্ত্রী চীন","Volksrepublik China","People's Republic of China","República Popular China","République populaire de Chine","Λαϊκή Δημοκρατία της Κίνας","चीनी जनवादी गणराज्य","Kína","Republik Rakyat Tiongkok","Cina","中華人民共和国","중화인민공화국","Volksrepubliek China","Chińska Republika Ludowa","China","Китайская Народная Республика","Kina","Çin Halk Cumhuriyeti","Cộng hòa Nhân dân Trung Hoa","中华人民共和国"
"Q155","","200361925","البرازيل","ব্রাজিল","Brasilien","Brazil","Brasil","Brésil","Βραζιλία","ब्राज़ील","Brazília","Brasil","Brasile","ブラジル","브라질","Brazilië","Brazylia","Brasil","Бразилия","Brasilien","Brezilya","Brasil","巴西"
"Q843","","182142594","باكستان","পাকিস্তান","Pakistan","Pakistan","Pakistán","Pakistan","Πακιστάν","पाकिस्तान","Pakisztán","Pakistan","Pakistan","パキスタン","파키스탄","Pakistan","Pakistan","Paquistão","Пакистан","Pakistan","Pakistan","Pakistan","巴基斯坦"
"Q846","","2168673","قطر","কাতার","Katar","Qatar","Catar","Qatar","Κατάρ","क़तर","Katar","Qatar","Qatar","カタール","카타르","Qatar","Katar","Catar","Катар","Qatar","Katar","Qatar","卡塔尔"
"Q851","","28828870","المملكة العربية السعودية","সৌদি আরব","Saudi-Arabien","Saudi Arabia","Arabia Saudita","Arabie saoudite","Σαουδική Αραβία","सउदी अरब","Szaúd-Arábia","Arab Saudi","Arabia Saudita","サウジアラビア","사우디아라비아","Saoedi-Arabië","Arabia Saudyjska","Arábia Saudita","Саудовская Аравия","Saudiarabien","Suudi Arabistan","Ả Rập Saudi","沙特阿拉伯"
"Q854","","20277597","سريلانكا","শ্রীলঙ্কা","Sri Lanka","Sri Lanka","Sri Lanka","Sri Lanka","Σρι Λάνκα","श्रीलंका","Srí Lanka","Sri Lanka","Sri Lanka","スリランカ","스리랑카","Sri Lanka","Sri Lanka","Sri Lanka","Шри-Ланка","Sri Lanka","Sri Lanka","Sri Lanka","斯里蘭卡"
"Q159","","146804372","روسيا","রাশিয়া","Russland","Russia","Rusia","Russie","Ρωσία","रूस","Oroszország","Rusia","Russia","ロシア","러시아","Rusland","Rosja","Rússia","Россия","Ryssland","Rusya","Nga","俄罗斯"
"Q858","","22845550","سوريا","সিরিয়া","Syrien","Syria","Siria","Syrie","Συρία","सीरिया","Szíria","Suriah","Siria","シリア","시리아","Syrië","Syria","Síria","Сирия","Syrien","Suriye","Syria","叙利亚"
"Q183","","81292400","ألمانيا","জার্মানি","Deutschland","Germany","Alemania","Allemagne","Γερμανία","जर्मनी","Németország","Jerman","Germania","ドイツ","독일","Duitsland","Niemcy","Alemanha","Германия","Tyskland","Almanya","Đức","德国"
"Q863","","8610000","طاجيكستان","তাজিকিস্তান","Tadschikistan","Tajikistan","Tayikistán","Tadjikistan","Τατζικιστάν","ताजिकिस्तान","Tádzsikisztán","Tajikistan","Tagikistan","タジキスタン","타지키스탄","Tadzjikistan","Tadżykistan","Tajiquistão","Таджикистан","Tadzjikistan","Tacikistan","Tajikistan","塔吉克斯坦"
"Q865","","23508362","تايوان","তাইওয়ান","Taiwan","Taiwan","Taiwán","Taïwan","Δημοκρατία της Κίνας","चीनी गणराज्य","Kínai Köztársaság","Republik Tiongkok","Taiwan","中華民国","중화민국","Taiwan","Republika Chińska","Taiwan","Китайская Республика","Taiwan","Çin Cumhuriyeti","Đài Loan","中華民國"
"Q184","","9494200","روسيا البيضاء","বেলারুশ","Weißrussland","Belarus","Bielorrusia","Biélorussie","Λευκορωσία","बेलारूस","Fehéroroszország","Belarus","Bielorussia","ベラルーシ","벨라루스","Wit-Rusland","Białoruś","Bielorrússia","Белоруссия","Vitryssland","Beyaz Rusya","Belarus","白罗斯"
"Q869","","65931550","تايلاند","থাইল্যান্ড","Thailand","Thailand","Tailandia","Thaïlande","Ταϊλάνδη","थाईलैण्ड","Thaiföld","Thailand","Thailandia","タイ王国","태국","Thailand","Tajlandia","Tailândia","Таиланд","Thailand","Tayland","Thái Lan","泰国"
"Q214","","5426252","سلوفاكيا","স্লোভাকিয়া","Slowakei","Slovakia","Eslovaquia","Slovaquie","Σλοβακία","स्लोवाकिया","Szlovákia","Slowakia","Slovacchia","スロバキア","슬로바키아","Slowakije","Słowacja","Eslováquia","Словакия","Slovakien","Slovakya","Slovakia","斯洛伐克"
"Q874","","5125693","تركمانستان","তুর্কমেনিস্তান","Turkmenistan","Turkmenistan","Turkmenistán","Turkménistan","Τουρκμενιστάν","तुर्कमेनिस्तान","Türkmenisztán","Turkmenistan","Turkmenistan","トルクメニスタン","투르크메니스탄","Turkmenistan","Turkmenistan","Turquemenistão","Туркмения","Turkmenistan","Türkmenistan","Turkmenistan","土库曼斯坦"
"Q878","","9346129","الإمارات العربية المتحدة","সংযুক্ত আরব আমিরাত","Vereinigte Arabische Emirate","United Arab Emirates","Emiratos Árabes Unidos","Émirats arabes unis","Ηνωμένα Αραβικά Εμιράτα","संयुक्त अरब अमीरात","Egyesült Arab Emírségek","Uni Emirat Arab","Emirati Arabi Uniti","アラブ首長国連邦","아랍에미리트","Verenigde Arabische Emiraten","Zjednoczone Emiraty Arabskie","Emirados Árabes Unidos","Объединённые Арабские Эмираты","Förenade Arabemiraten","Birleşik Arap Emirlikleri","Các Tiểu vương quốc Ả Rập Thống nhất","阿拉伯联合酋长国"
"Q881","","91700000","فيتنام","ভিয়েতনাম","Vietnam","Vietnam","Vietnam","Viêt Nam","Βιετνάμ","वियतनाम","Vietnám","Vietnam","Vietnam","ベトナム","베트남","Vietnam","Wietnam","Vietname","Вьетнам","Vietnam","Vietnam","Việt Nam","越南"
"Q221","","2107158","جمهورية مقدونيا","ম্যাসেডোনিয়া প্রজাতন্ত্র","Mazedonien","Republic of Macedonia","República de Macedonia","République de Macédoine","πρώην Γιουγκοσλαβική Δημοκρατία της Μακεδονίας","मैसिडोनिया","Macedónia","Republik Makedonia","Repubblica di Macedonia","マケドニア共和国","마케도니아 공화국","Macedonië","Macedonia","República da Macedónia","Республика Македония","Makedonien","Makedonya Cumhuriyeti","Cộng hòa Macedonia","馬其頓共和國"
"Q222","","3020209","ألبانيا","আলবেনিয়া","Albanien","Albania","Albania","Albanie","Αλβανία","अल्बानिया","Albánia","Albania","Albania","アルバニア","알바니아","Albanië","Albania","Albânia","Албания","Albanien","Arnavutluk","Albania","阿尔巴尼亚"
"Q224","","4284889","كرواتيا","ক্রোয়েশিয়া","Kroatien","Croatia","Croacia","Croatie","Κροατία","क्रोएशिया","Horvátország","Kroasia","Croazia","クロアチア","크로아티아","Kroatië","Chorwacja","Croácia","Хорватия","Kroatien","Hırvatistan","Croatia","克罗地亚"
"Q884","","51069375","كوريا الجنوبية","দক্ষিণ কোরিয়া","Südkorea","South Korea","Corea del Sur","Corée du Sud","Νότια Κορέα","दक्षिण कोरिया","Dél-Korea","Korea Selatan","Corea del Sud","大韓民国","대한민국","Zuid-Korea","Korea Południowa","Coreia do Sul","Республика Корея","Sydkorea","Güney Kore","Hàn Quốc","大韩民国"
"Q225","","3531159","البوسنة والهرسك","বসনিয়া ও হার্জেগোভিনা","Bosnien und Herzegowina","Bosnia and Herzegovina","Bosnia y Herzegovina","Bosnie-Herzégovine","Βοσνία και Ερζεγοβίνη","बॉस्निया और हर्ज़ेगोविना","Bosznia-Hercegovina","Bosnia dan Herzegovina","Bosnia ed Erzegovina","ボスニア・ヘルツェゴビナ","보스니아 헤르체고비나","Bosnië en Herzegovina","Bośnia i Hercegowina","Bósnia e Herzegovina","Босния и Герцеговина","Bosnien och Hercegovina","Bosna-Hersek","Bosna và Hercegovina","波斯尼亚和黑塞哥维那"
"Q889","","31822848","أفغانستان","আফগানিস্তান","Afghanistan","Afghanistan","Afganistán","Afghanistan","Αφγανιστάν","अफ़्गानिस्तान","Afganisztán","Afganistan","Afghanistan","アフガニスタン","아프가니스탄","Afghanistan","Afganistan","Afeganistão","Афганистан","Afghanistan","Afganistan","Afghanistan","阿富汗"
"Q227","","9416801","أذربيجان","আজারবাইজান","Aserbaidschan","Azerbaijan","Azerbaiyán","Azerbaïdjan","Αζερμπαϊτζάν","अज़रबैजान","Azerbajdzsán","Azerbaijan","Azerbaigian","アゼルバイジャン","아제르바이잔","Azerbeidzjan","Azerbejdżan","Azerbaijão","Азербайджан","Azerbajdzjan","Azerbaycan","Azerbaijan","阿塞拜疆"
"Q902","","156594962","بنغلاديش","বাংলাদেশ","Bangladesch","Bangladesh","Bangladés","Bangladesh","Μπανγκλαντές","बांग्लादेश","Banglades","Bangladesh","Bangladesh","バングラデシュ","방글라데시","Bangladesh","Bangladesz","Bangladesh","Бангладеш","Bangladesh","Bangladeş","Bangladesh","孟加拉国"
"Q229","","1141166","قبرص","সাইপ্রাস","Republik Zypern","Cyprus","Chipre","Chypre","Κύπρος","साइप्रस","Ciprus","Siprus","Cipro","キプロス","키프로스","Cyprus","Cypr","Chipre","Кипр","Cypern","Kıbrıs Cumhuriyeti","Cộng hòa Síp","賽普勒斯"
"Q912","","15301650","مالي","মালি","Mali","Mali","Malí","Mali","Μάλι","माली","Mali","Mali","Mali","マリ共和国","말리","Mali","Mali","Mali","Мали","Mali","Mali","Mali","马里共和国"
"Q230","","3729500","جورجيا","জর্জিয়া","Georgien","Georgia","Georgia","Géorgie","Γεωργία","जॉर्जिया","Grúzia","Georgia","Georgia","ジョージア","조지아","Georgië","Gruzja","Geórgia","Грузия","Georgien","Gürcistan","Gruzia","格鲁吉亚"
"Q916","","21471618","أنغولا","অ্যাঙ্গোলা","Angola","Angola","Angola","Angola","Ανγκόλα","अंगोला","Angola","Angola","Angola","アンゴラ","앙골라","Angola","Angola","Angola","Ангола","Angola","Angola","Angola","安哥拉"
"Q917","","753947","بوتان","ভূটান","Bhutan","Bhutan","Bután","Bhoutan","Μπουτάν","भूटान","Bhután","Bhutan","Bhutan","ブータン","부탄","Bhutan","Bhutan","Butão","Бутан","Bhutan","Bhutan","Bhutan","不丹"
"Q241","","11265629","كوبا","কিউবা","Kuba","Cuba","Cuba","Cuba","Κούβα","क्यूबा","Kuba","Kuba","Cuba","キューバ","쿠바","Cuba","Kuba","Cuba","Куба","Kuba","Küba","Cuba","古巴"
"Q236","","620029","الجبل الأسود","মন্টিনিগ্রো","Montenegro","Montenegro","Montenegro","Monténégro","Μαυροβούνιο","मॉन्टेनीग्रो","Montenegró","Montenegro","Montenegro","モンテネグロ","몬테네그로","Montenegro","Czarnogóra","Montenegro","Черногория","Montenegro","Karadağ","Montenegro","蒙特內哥羅"
"Q921","","417784","بروناي","ব্রুনাই","Brunei","Brunei","Brunéi","Brunei","Μπρουνέι","ब्रुनेई","Brunei","Brunei Darussalam","Brunei","ブルネイ","브루나이","Brunei","Brunei","Brunei","Бруней","Brunei","Brunei","Brunei","文莱"
"Q924","","49253126","تنزانيا","তানজানিয়া","Tansania","Tanzania","Tanzania","Tanzanie","Τανζανία","तंज़ानिया","Tanzánia","Tanzania","Tanzania","タンザニア","탄자니아","Tanzania","Tanzania","Tanzânia","Танзания","Tanzania","Tanzanya","Tanzania","坦桑尼亚"
"Q242","","366954","بليز","বেলিজ","Belize","Belize","Belice","Belize","Μπελίζε","बेलीज़","Belize","Belize","Belize","ベリーズ","벨리즈","Belize","Belize","Belize","Белиз","Belize","Belize","Belize","伯利兹"
"Q252","","249865631","إندونيسيا","ইন্দোনেশিয়া","Indonesien","Indonesia","Indonesia","Indonésie","Ινδονησία","इंडोनेशिया","Indonézia","Indonesia","Indonesia","インドネシア","인도네시아","Indonesië","Indonezja","Indonésia","Индонезия","Indonesien","Endonezya","Indonesia","印度尼西亚"
"Q928","","100981437","الفلبين","ফিলিপাইন","Philippinen","Philippines","Filipinas","Philippines","Φιλιππίνες","फ़िलीपीन्स","Fülöp-szigetek","Filipina","Filippine","フィリピン","필리핀","Filipijnen","Filipiny","Filipinas","Филиппины","Filippinerna","Filipinler","Philippines","菲律宾"
"Q750","","10671200","بوليفيا","বলিভিয়া","Bolivien","Bolivia","Bolivia","Bolivie","Βολιβία","बोलिविया","Bolívia","Bolivia","Bolivia","ボリビア","볼리비아","Bolivia","Boliwia","Bolívia","Боливия","Bolivia","Bolivya","Bolivia","玻利維亞"
"Q945","","6816982","توغو","টোগো","Togo","Togo","Togo","Togo","Τόγκο","टोगो","Togo","Togo","Togo","トーゴ","토고","Togo","Togo","Togo","Того","Togo","Togo","Togo","多哥"
"Q929","","4616417","جمهورية أفريقيا الوسطى","মধ্য আফ্রিকান প্রজাতন্ত্র","Zentralafrikanische Republik","Central African Republic","República Centroafricana","République centrafricaine","Κεντροαφρικανική Δημοκρατία","मध्य अफ़्रीकी गणराज्य","Közép-afrikai Köztársaság","Republik Afrika Tengah","Repubblica Centrafricana","中央アフリカ共和国","중앙아프리카 공화국","Centraal-Afrikaanse Republiek","Republika Środkowoafrykańska","República Centro-Africana","Центральноафриканская Республика","Centralafrikanska republiken","Orta Afrika Cumhuriyeti","Cộng hòa Trung Phi","中非共和國"
"Q754","","1341151","ترينيداد وتوباغو","ত্রিনিদাদ ও টোবাগো","Trinidad und Tobago","Trinidad and Tobago","Trinidad y Tobago","Trinité-et-Tobago","Τρινιντάντ και Τομπάγκο","त्रिनिदाद और टोबैगो","Trinidad és Tobago","Trinidad dan Tobago","Trinidad e Tobago","トリニダード・トバゴ","트리니다드 토바고","Trinidad en Tobago","Trynidad i Tobago","Trinidad e Tobago","Тринидад и Тобаго","Trinidad och Tobago","Trinidad ve Tobago","Trinidad và Tobago","千里達及托巴哥"
"Q766","","2950210","جامايكا","জ্যামাইকা","Jamaika","Jamaica","Jamaica","Jamaïque","Τζαμάικα","जमैका","Jamaica","Jamaika","Giamaica","ジャマイカ","자메이카","Jamaica","Jamajka","Jamaica","Ямайка","Jamaica","Jamaika","Jamaica","牙买加"
"Q774","","15468203","غواتيمالا","গুয়াতেমালা","Guatemala","Guatemala","Guatemala","Guatemala","Γουατεμάλα","ग्वाटेमाला","Guatemala","Guatemala","Guatemala","グアテマラ","과테말라","Guatemala","Gwatemala","Guatemala","Гватемала","Guatemala","Guatemala","Guatemala","危地马拉"
"Q948","","11304500","تونس","তিউনিসিয়া","Tunesien","Tunisia","Túnez","Tunisie","Τυνησία","ट्यूनिशिया","Tunézia","Tunisia","Tunisia","チュニジア","튀니지","Tunesië","Tunezja","Tunísia","Тунис","Tunisien","Tunus","Tunisia","突尼西亞"
"Q953","","14309466","زامبيا","জাম্বিয়া","Sambia","Zambia","Zambia","Zambie","Ζάμπια","ज़ाम्बिया","Zambia","Zambia","Zambia","ザンビア","잠비아","Zambia","Zambia","Zâmbia","Замбия","Zambia","Zambiya","Zambia","赞比亚"
"Q778","","377374","باهاماس","বাহামা দ্বীপপুঞ্জ","Bahamas","The Bahamas","Bahamas","Bahamas","Μπαχάμες","बहामास","Bahama-szigetek","Bahama","Bahama","バハマ","바하마","Bahama's","Bahamy","Bahamas","Багамские Острова","Bahamas","Bahamalar","Bahamas","巴哈马"
"Q786","","10403761","جمهورية الدومينيكان","ডোমিনিকান প্রজাতন্ত্র","Dominikanische Republik","Dominican Republic","República Dominicana","République dominicaine","Δομινικανή Δημοκρατία","डोमिनिकन गणराज्य","Dominikai Köztársaság","Republik Dominika","Repubblica Dominicana","ドミニカ共和国","도미니카 공화국","Dominicaanse Republiek","Dominikana","República Dominicana","Доминиканская Республика","Dominikanska republiken","Dominik Cumhuriyeti","Cộng hòa Dominica","多明尼加"
"Q783","","8097688","هندوراس","হন্ডুরাস","Honduras","Honduras","Honduras","Honduras","Ονδούρα","हौण्डुरस","Honduras","Honduras","Honduras","ホンジュラス","온두라스","Honduras","Honduras","Honduras","Гондурас","Honduras","Honduras","Honduras","洪都拉斯"
"Q954","","14149648","زيمبابوي","জিম্বাবুয়ে","Simbabwe","Zimbabwe","Zimbabue","Zimbabwe","Ζιμπάμπουε","ज़िम्बाब्वे","Zimbabwe","Zimbabwe","Zimbabwe","ジンバブエ","짐바브웨","Zimbabwe","Zimbabwe","Zimbábue","Зимбабве","Zimbabwe","Zimbabve","Zimbabwe","辛巴威"
"Q958","","12340000","جنوب السودان","দক্ষিণ সুদান","Südsudan","South Sudan","Sudán del Sur","Soudan du Sud","Νότιο Σουδάν","दक्षिण सूडान","Dél-Szudán","Sudan Selatan","Sudan del Sud","南スーダン","남수단","Zuid-Soedan","Sudan Południowy","Sudão do Sul","Южный Судан","Sydsudan","Güney Sudan","Nam Sudan","南苏丹"
"Q962","","10323474","بنين","বেনিন","Benin","Benin","Benín","Bénin","Μπενίν","बेनिन","Benin","Benin","Benin","ベナン","베냉","Benin","Benin","Benim","Бенин","Benin","Benin","Bénin","贝宁"
"Q792","","6340454","السلفادور","এল সালভাদোর","El Salvador","El Salvador","El Salvador","Salvador","Ελ Σαλβαδόρ","अल साल्वाडोर","El Salvador","El Salvador","El Salvador","エルサルバドル","엘살바도르","El Salvador","Salwador","El Salvador","Сальвадор","El Salvador","El Salvador","El Salvador","萨尔瓦多"
"Q790","","10317461","هايتي","হাইতি","Haiti","Haiti","Haití","Haïti","Αϊτή","हैती","Haiti","Haiti","Haiti","ハイチ","아이티","Haïti","Haiti","Haiti","Республика Гаити","Haiti","Haiti","Haiti","海地"
"Q963","","2021144","بوتسوانا","বতসোয়ানা","Botswana","Botswana","Botsuana","Botswana","Μποτσουάνα","बोत्सवाना","Botswana","Botswana","Botswana","ボツワナ","보츠와나","Botswana","Botswana","Botsuana","Ботсвана","Botswana","Botsvana","Botswana","波札那"
"Q965","","16934839","بوركينا فاسو","বুর্কিনা ফাসো","Burkina Faso","Burkina Faso","Burkina Faso","Burkina Faso","Μπουρκίνα Φάσο","बुर्किना फासो","Burkina Faso","Burkina Faso","Burkina Faso","ブルキナファソ","부르키나파소","Burkina Faso","Burkina Faso","Burkina Faso","Буркина-Фасо","Burkina Faso","Burkina Faso","Burkina Faso","布吉納法索"
"Q794","","77447168","إيران","ইরান","Iran","Iran","Irán","Iran","Ιράν","ईरान","Irán","Iran","Iran","イラン","이란","Iran","Iran","Irão","Иран","Iran","İran","Iran","伊朗"
"Q796","","33417476","العراق","ইরাক","Irak","Iraq","Irak","Irak","Ιράκ","इराक़","Irak","Irak","Iraq","イラク","이라크","Irak","Irak","Iraque","Ирак","Irak","Irak","Iraq","伊拉克"
"Q967","","10162532","بوروندي","বুরুন্ডি","Burundi","Burundi","Burundi","Burundi","Μπουρούντι","बुरुण्डी","Burundi","Burundi","Burundi","ブルンジ","부룬디","Burundi","Burundi","Burundi","Бурунди","Burundi","Burundi","Burundi","蒲隆地"
"Q971","","4447632","جمهورية الكونغو","কঙ্গো প্রজাতন্ত্র","Republik Kongo","Republic of the Congo","República del Congo","République du Congo","Δημοκρατία του Κονγκό","कांगो गणराज्य","Kongói Köztársaság","Republik Kongo","Repubblica del Congo","コンゴ共和国","콩고 공화국","Republiek Congo","Kongo","Congo","Республика Конго","Kongo-Brazzaville","Kongo Cumhuriyeti","Cộng hòa Congo","刚果共和国"
"Q801","","8796200","إسرائيل","ইসরায়েল","Israel","Israel","Israel","Israël","Ισραήλ","इज़राइल","Izrael","Israel","Israele","イスラエル","이스라엘","Israël","Izrael","Israel","Израиль","Israel","İsrail","Israel","以色列"
"Q800","","4872166","كوستاريكا","কোস্টা রিকা","Costa Rica","Costa Rica","Costa Rica","Costa Rica","Κόστα Ρίκα","कोस्टा रीका","Costa Rica","Kosta Rika","Costa Rica","コスタリカ","코스타리카","Costa Rica","Kostaryka","Costa Rica","Коста-Рика","Costa Rica","Kosta Rika","Costa Rica","哥斯达黎加"
"Q974","","67513677","جمهورية الكونغو الديمقراطية","গণতান্ত্রিক কঙ্গো প্রজাতন্ত্র","Demokratische Republik Kongo","Democratic Republic of the Congo","República Democrática del Congo","République démocratique du Congo","Λαϊκή Δημοκρατία του Κονγκό","कांगो लोकतान्त्रिक गणराज्य","Kongói Demokratikus Köztársaság","Republik Demokratik Kongo","Repubblica Democratica del Congo","コンゴ民主共和国","콩고 민주 공화국","Congo-Kinshasa","Demokratyczna Republika Konga","República Democrática do Congo","Демократическая Республика Конго","Kongo-Kinshasa","Demokratik Kongo Cumhuriyeti","Cộng hòa Dân chủ Congo","刚果民主共和国"
"Q977","","872932","جيبوتي","জিবুতি","Dschibuti","Djibouti","Yibuti","Djibouti","Τζιμπουτί","जिबूती","Dzsibuti","Djibouti","Gibuti","ジブチ","지부티","Djibouti","Dżibuti","Djibouti","Джибути","Djibouti","Cibuti","Djibouti","吉布提"
"Q804","","3864170","بنما","পানামা","Panama","Panama","Panamá","Panama","Παναμάς","पनामा","Panama","Panama","Panama","パナマ","파나마","Panama","Panama","Panamá","Панама","Panama","Panama","Panama","巴拿马"
"Q983","","757014","غينيا الاستوائية","বিষুবীয় গিনি","Äquatorialguinea","Equatorial Guinea","Guinea Ecuatorial","Guinée équatoriale","Ισημερινή Γουινέα","भूमध्यरेखीय गिनी","Egyenlítői-Guinea","Guinea Khatulistiwa","Guinea Equatoriale","赤道ギニア","적도 기니","Equatoriaal-Guinea","Gwinea Równikowa","Guiné Equatorial","Экваториальная Гвинея","Ekvatorialguinea","Ekvator Ginesi","Guinea Xích Đạo","赤道几内亚"
"Q986","","6333135","إرتريا","ইরিত্রিয়া","Eritrea","Eritrea","Eritrea","Érythrée","Ερυθραία","इरित्रिया","Eritrea","Eritrea","Eritrea","エリトリア","에리트레아","Eritrea","Erytrea","Eritreia","Эритрея","Eritrea","Eritre","Eritrea","厄立特里亚"
"Q805","","26183676","اليمن","ইয়েমেন","Jemen","Yemen","Yemen","Yémen","Υεμένη","यमन","Jemen","Yaman","Yemen","イエメン","예멘","Jemen","Jemen","Iémen","Йемен","Jemen","Yemen","Yemen","也门"
"Q810","","9813095","الأردن","জর্দান","Jordanien","Jordan","Jordania","Jordanie","Ιορδανία","जॉर्डन","Jordánia","Yordania","Giordania","ヨルダン","요르단","Jordanië","Jordania","Jordânia","Иордания","Jordanien","Ürdün","Jordan","约旦"
"Q1000","","1671711","الغابون","গ্যাবন","Gabun","Gabon","Gabón","Gabon","Γκαμπόν","गबॉन","Gabon","Gabon","Gabon","ガボン","가봉","Gabon","Gabon","Gabão","Габон","Gabon","Gabon","Gabon","加蓬"
"Q811","","6080478","نيكاراغوا","নিকারাগুয়া","Nicaragua","Nicaragua","Nicaragua","Nicaragua","Νικαράγουα","निकारागुआ","Nicaragua","Nikaragua","Nicaragua","ニカラグア","니카라과","Nicaragua","Nikaragua","Nicarágua","Никарагуа","Nicaragua","Nikaragua","Nicaragua","尼加拉瓜"
"Q1005","","1849285","غامبيا","গাম্বিয়া","Gambia","The Gambia","Gambia","Gambie","Γκάμπια","गाम्बिया","Gambia","Gambia","Gambia","ガンビア","감비아","Gambia","Gambia","Gâmbia","Гамбия","Gambia","Gambiya","Gambia","冈比亚"
"Q813","","6000000","قيرغيزستان","কির্গিজস্তান","Kirgisistan","Kyrgyzstan","Kirguistán","Kirghizistan","Κιργιζία","किर्गिज़स्तान","Kirgizisztán","Kirgizstan","Kirghizistan","キルギス","키르기스스탄","Kirgizië","Kirgistan","Quirguistão","Киргизия","Kirgizistan","Kırgızistan","Kyrgyzstan","吉尔吉斯斯坦"
"Q1006","","10628972","غينيا","গিনি","Guinea","Guinea","Guinea","Guinée","Γουινέα","गिनी","Guinea","Guinea","Guinea","ギニア","기니","Guinee","Gwinea","Guiné","Гвинея","Guinea","Gine","Guinée","几内亚"
"Q817","","4660000","الكويت","কুয়েত","Kuwait","Kuwait","Kuwait","Koweït","Κουβέιτ","कुवैत","Kuvait","Kuwait","Kuwait","クウェート","쿠웨이트","Koeweit","Kuwejt","Kuwait","Кувейт","Kuwait","Kuveyt","Kuwait","科威特"
"Q1007","","1704255","غينيا بيساو","গিনি-বিসাউ","Guinea-Bissau","Guinea-Bissau","Guinea-Bisáu","Guinée-Bissau","Γουινέα-Μπισσάου","गिनी-बिसाऊ","Bissau-Guinea","Guinea-Bissau","Guinea-Bissau","ギニアビサウ","기니비사우","Guinee-Bissau","Gwinea Bissau","Guiné-Bissau","Гвинея-Бисау","Guinea-Bissau","Gine-Bissau","Guiné-Bissau","幾內亞比索"
"Q819","","6769727","لاوس","লাওস","Laos","Laos","Laos","Laos","Λάος","लाओस","Laosz","Laos","Laos","ラオス","라오스","Laos","Laos","Laos","Лаос","Laos","Laos","Lào","老挝"
"Q1008","","20316086","ساحل العاج","কোত দিভোয়ার","Elfenbeinküste","Ivory Coast","Costa de Marfil","Côte d'Ivoire","Ακτή Ελεφαντοστού","कोत द'ईवोआर","Elefántcsontpart","Pantai Gading","Costa d'Avorio","コートジボワール","코트디부아르","Ivoorkust","Wybrzeże Kości Słoniowej","Costa do Marfim","Кот-д’Ивуар","Elfenbenskusten","Fildişi Sahili","Bờ Biển Ngà","科特迪瓦"
"Q833","","29716965","ماليزيا","মালয়েশিয়া","Malaysia","Malaysia","Malasia","Malaisie","Μαλαισία","मलेशिया","Malajzia","Malaysia","Malesia","マレーシア","말레이시아","Maleisië","Malezja","Malásia","Малайзия","Malaysia","Malezya","Malaysia","马来西亚"
"Q836","","53259018","ميانمار","মায়ানমার","Myanmar","Myanmar","Birmania","Birmanie","Μιανμάρ","म्यान्मार","Mianmar","Myanmar","Birmania","ミャンマー","미얀마","Myanmar","Mjanma","Mianmar","Мьянма","Burma","Myanmar","Myanma","缅甸"
"Q1009","","22253959","الكاميرون","ক্যামেরুন","Kamerun","Cameroon","Camerún","Cameroun","Καμερούν","कैमरुन","Kamerun","Kamerun","Camerun","カメルーン","카메룬","Kameroen","Kamerun","Camarões","Камерун","Kamerun","Kamerun","Cameroon","喀麦隆"
"Q1013","","2074465","ليسوتو","লেসোথো","Lesotho","Lesotho","Lesoto","Lesotho","Λεσότο","लेसोथो","Lesotho","Lesotho","Lesotho","レソト","레소토","Lesotho","Lesotho","Lesoto","Лесото","Lesotho","Lesotho","Lesotho","莱索托"
"Q1014","","4294077","ليبيريا","লাইবেরিয়া","Liberia","Liberia","Liberia","Liberia","Λιβερία","लाइबेरिया","Libéria","Liberia","Liberia","リベリア","라이베리아","Liberia","Liberia","Libéria","Либерия","Liberia","Liberya","Liberia","利比里亚"
"Q837","","30986975","نيبال","নেপাল","Nepal","Nepal","Nepal","Népal","Νεπάλ","नेपाल","Nepál","Nepal","Nepal","ネパール","네팔","Nepal","Nepal","Nepal","Непал","Nepal","Nepal","Nepal","尼泊尔"
"Q842","","3632444","سلطنة عمان","ওমান","Oman","Oman","Omán","Oman","Ομάν","ओमान","Omán","Oman","Oman","オマーン","오만","Oman","Oman","Omã","Оман","Oman","Umman","Oman","阿曼"
